1	Mega-corp	Work with high speed scientific data	Work with high speed scientific data and use it to enslave the population	5	https://www.twitter.com/mega-corp				8
2	Mega-corp	Work with high speed scientific data	Work with high speed scientific data and use it to enslave the population	5	https://www.twitter.com/mega-corp				8
3	Mega-corp	Work with high speed scientific data	Work with high speed scientific data and use it to enslave the population	5	https://www.twitter.com/mega-corp				8
4	Mega-corp	Work with high speed scientific data	Work with high speed scientific data and use it to enslave the population	5	https://www.twitter.com/mega-corp				8
5	Mega-corp	Work with high speed scientific data	Work with high speed scientific data and use it to enslave the population	5	https://www.twitter.com/mega-corp				8
6	Mega-corp	Work with high speed scientific data	Work with high speed scientific data and use it to enslave the population	5	https://www.twitter.com/mega-corp				8
7	Mega-corp	Work with high speed scientific data	Work with high speed scientific data and use it to enslave the population	5	https://www.twitter.com/mega-corp				8
8	Mega-corp	Work with high speed scientific data	Work with high speed scientific data and use it to enslave the population	5	https://www.twitter.com/mega-corp				8
9	Mega-corp	Work with high speed scientific data	Work with high speed scientific data and use it to enslave the population	5	https://www.twitter.com/mega-corp				8
10	Mega-corp	Work with high speed scientific data	Work with high speed scientific data and use it to enslave the population	5	https://www.twitter.com/mega-corp				8
11	Mega-corp	Work with high speed scientific data	Work with high speed scientific data and use it to enslave the population	5	https://www.twitter.com/mega-corp				8
