1,"CEO of mega-corp, worked for a number of years of with different javascript technologies",CEO,1,6855372547740901
2,"CEO of mega-corp, worked for a number of years of with different javascript technologies",CEO,1,6855372547740901
3,"CEO of mega-corp, worked for a number of years of with different javascript technologies",CEO,1,6855372547740901
4,"CEO of mega-corp, worked for a number of years of with different javascript technologies",CEO,1,6855372547740901
5,"CEO of mega-corp, worked for a number of years of with different javascript technologies",CEO,1,6855372547740901
6,Just trying to create an employer profile,CEO,1,6855372547740901
7,Just trying to create an employer profile,CEO,1,6855372547740901
8,Just trying to create an employer profile,CEO,1,6855372547740901
9,I'm cool,CEO,1,4794894018072795
4888013857155027,Pretty chill guy,Human Resources Manager,1,4888013857155027
7505228346472616,System Testing,HR Manager,1,7505228346472616
7862206014284257,TESTING TEAMS,CEO,1,7862206014284257
